model,price
iPhone SE 3 (2022),$195.42
iPhone 13,$565.00
iPhone 13 Mini,$427.00
iPhone 13 Pro,$690.00
iPhone 13 Pro Max,$796.00
iPhone 12,$410.00
iPhone 12 Mini,$325.00
iPhone 12 Pro,$580.00
iPhone 12 Pro Max,$671.00
iPhone SE 2 (2020),$150.00
iPhone 11,$275.00
iPhone 11 Pro,$350.00
iPhone 11 Pro Max,$445.00
iPhone XR,$190.00
iPhone XS,$187.00
iPhone XS Max,$280.00
iPhone X,$201.00
iPhone 8,$98.00
iPhone 8 Plus,$160.00
iPhone 7,$53.00
iPhone 7 Plus,$105.00
iPhone SE,$20.00
iPhone 6S,$26.00
iPhone 6S Plus,$56.00
